Tiempo (ms),Trayectoria 5,Trayectoria 6
0,0,0
33,0.0148468017578125,0.0827178955078125
67,0.00069427490234375,0.169586181640625
100,-0.0324249267578125,0.261398315429688
133,-0.0466117858886719,0.35211181640625
166,-0.0237464904785156,0.427490234375
200,0.0136680603027344,0.466094970703125
233,0.0325202941894531,0.446914672851563
266,0.0272598266601563,0.3680419921875
300,0.0150146484375,0.263778686523438
333,-7.62939453125E-06,0.186126708984375
366,-0.027923583984375,0.160751342773438
400,-0.0606155395507813,0.172683715820313
433,-0.0730400085449219,0.188735961914063
466,-0.0605659484863281,0.181121826171875
500,-0.0497322082519531,0.138885498046875
533,-0.0730705261230469,0.0713653564453125
566,-0.146495819091797,0.005523681640625
599,-0.263267517089844,-0.0257110595703125
633,-0.398174285888672,-0.0077056884765625
666,-0.515830993652344,0.03424072265625
699,-0.578609466552734,0.0516815185546875
733,-0.556964874267578,0.01934814453125
766,-0.450138092041016,-0.0459442138671875
799,-0.304573059082031,-0.103897094726563
832,-0.19305419921875,-0.1156005859375
866,-0.161811828613281,-0.0674591064453125
899,-0.203559875488281,0.0123443603515625
932,-0.273433685302734,0.0741424560546875
966,-0.318359375,0.092041015625
999,-0.301666259765625,0.0784912109375
1032,-0.218418121337891,0.0631561279296875
1066,-0.0964088439941406,0.07366943359375
1099,0.0207481384277344,0.130477905273438
1132,0.103435516357422,0.246078491210938
1165,0.154792785644531,0.421401977539063
1199,0.194278717041016,0.63592529296875
1232,0.233840942382813,0.843399047851563
1265,0.282398223876953,0.997207641601563
1299,0.354053497314453,1.088623046875
1332,0.4613037109375,1.15083312988281
1365,0.608108520507813,1.22938537597656
1399,0.785732269287109,1.35333251953125
1432,0.970077514648438,1.51705932617188
1465,1.12948989868164,1.67959594726563
1498,1.24472045898438,1.79718017578125
1532,1.32365417480469,1.86570739746094
1565,1.39592742919922,1.92169189453125
1598,1.49522399902344,2.0001220703125
1632,1.63725662231445,2.09732055664063
1665,1.79856491088867,2.18101501464844
1698,1.92389678955078,2.23158264160156
1732,1.96620941162109,2.25740051269531
1765,1.92056274414063,2.27720642089844
1798,1.8303337097168,2.30448913574219
1832,1.75937652587891,2.34574890136719
1865,1.74533081054688,2.40484619140625
1898,1.78520202636719,2.48722839355469
1931,1.86038589477539,2.60050964355469
1965,1.95787811279297,2.75050354003906
1998,2.06906127929688,2.92976379394531
2031,2.17936706542969,3.10426330566406
2065,2.26721572875977,3.22508239746094
2098,2.31924057006836,3.26502990722656
2131,2.34166717529297,3.23406982421875
2165,2.34949111938477,3.16398620605469
2198,2.36032867431641,3.09208679199219
2231,2.40556716918945,3.05439758300781
2264,2.51781463623047,3.08096313476563
2298,2.69525909423828,3.187744140625
2331,2.89931869506836,3.36235046386719
2364,3.08808135986328,3.5579833984375
2398,3.23740768432617,3.72079467773438
2431,3.34348297119141,3.83277893066406
2464,3.42322158813477,3.92131042480469
2498,3.50749588012695,4.03526306152344
2531,3.62831878662109,4.21940612792969
2564,3.80885314941406,4.4918212890625
2597,4.05463409423828,4.82901000976563
2631,4.34350967407227,5.17988586425781
2664,4.62466430664063,5.49365234375
2697,4.84189224243164,5.72767639160156
2731,4.96549606323242,5.85565185546875
2764,4.99948120117188,5.88752746582031
2797,4.97219085693359,5.865966796875
2831,4.93279266357422,5.83857727050781
2864,4.93072128295898,5.83706665039063
2897,4.97180557250977,5.87095642089844
2931,5.00792694091797,5.9310302734375
2964,4.99190139770508,5.99928283691406
2997,4.93504333496094,6.05972290039063
3031,4.88972473144531,6.10530090332031
3064,4.88753128051758,6.13883972167969
3097,4.92080688476563,6.16983032226563
3130,4.97752380371094,6.20954895019531
3164,5.07175445556641,6.26524353027344
3197,5.2271728515625,6.3336181640625
3230,5.43703460693359,6.39607238769531
3264,5.65300369262695,6.42019653320313
3297,5.81399917602539,6.37196350097656
3330,5.88649368286133,6.24151611328125
3363,5.87898635864258,6.06626892089844
3397,5.82531356811523,5.91389465332031
3430,5.76313018798828,5.83404541015625
3463,5.72133255004883,5.8359375
3497,5.71394729614258,5.90234375
3530,5.73864364624023,6.00709533691406
3563,5.78190612792969,6.12411499023438
3597,5.82950592041016,6.23147583007813
3630,5.87375259399414,6.31330871582031
3663,5.91211318969727,6.36195373535156
3697,5.94037246704102,6.382568359375
3730,5.94959259033203,6.40336608886719
3763,5.93778228759766,6.47573852539063
3796,5.92690277099609,6.63951110839844
3830,5.9525032043457,6.88021850585938
3863,6.03202819824219,7.129150390625
3896,6.15478897094727,7.30436706542969
3930,6.29776000976563,7.35806274414063
3963,6.43841171264648,7.30281066894531
3996,6.55370712280273,7.20892333984375
4030,6.62555313110352,7.16691589355469
4063,6.66016006469727,7.23075866699219
4096,6.69037246704102,7.38871765136719
4130,6.75338363647461,7.57823181152344
4163,6.86684417724609,7.72990417480469
4196,7.01353073120117,7.81072998046875
4229,7.14438629150391,7.82890319824219
4263,7.21045684814453,7.81005859375
4296,7.19525146484375,7.78073120117188
4329,7.10807800292969,7.76553344726563
4363,6.95624923706055,7.78704833984375
4396,6.73831558227539,7.86116027832031
4429,6.46214294433594,7.98153686523438
4463,6.16600036621094,8.10566711425781
4496,5.91885375976563,8.17535400390625
4529,5.78690338134766,8.16233825683594
4562,5.79396057128906,8.08355712890625
4596,5.91582489013672,7.97927856445313
4629,6.09836578369141,7.88877868652344
4662,6.27626419067383,7.83784484863281
4696,6.40055084228516,7.83404541015625
4729,6.46092987060547,7.86808776855469
4762,6.46702194213867,7.92021179199219
4796,6.41143035888672,7.96945190429688
4829,6.27829360961914,8.00251770019531
4862,6.08523559570313,8.01791381835938
4895,5.88323974609375,8.024658203125
4929,5.71662139892578,8.0372314453125
4962,5.60592651367188,8.06962585449219
4995,5.55781555175781,8.12907409667969
5029,5.57135391235352,8.21064758300781
5062,5.63641357421875,8.29443359375
5095,5.73224258422852,8.34812927246094
5129,5.83035659790039,8.33766174316406
5162,5.90287017822266,8.25057983398438
5195,5.93287658691406,8.11880493164063
5228,5.92058181762695,8.00535583496094
5262,5.88165283203125,7.96043395996094
5295,5.83881759643555,7.99980163574219
5328,5.81110000610352,8.11431884765625
5362,5.80641937255859,8.27815246582031
5395,5.82047271728516,8.44700622558594
5428,5.8403434753418,8.56697082519531
5462,5.85025787353516,8.60768127441406
5495,5.83938217163086,8.58050537109375
5528,5.80989074707031,8.51431274414063
5562,5.77952194213867,8.43986511230469
5595,5.77351379394531,8.40095520019531
5628,5.80693817138672,8.432861328125
5662,5.86798095703125,8.51564025878906
5695,5.91756057739258,8.58393859863281
5728,5.90984344482422,8.58738708496094
5761,5.82569122314453,8.52066040039063
5795,5.69765090942383,8.41665649414063
5828,5.59365081787109,8.33735656738281
5861,5.569580078125,8.34698486328125
5895,5.64375305175781,8.46232604980469
5928,5.80149078369141,8.63385009765625
5961,6.00096893310547,8.78663635253906
5995,6.18316268920898,8.87416076660156
6028,6.30339813232422,8.89036560058594
6061,6.35848236083984,8.84906005859375
6094,6.37206649780273,8.76716613769531
6128,6.36376953125,8.66102600097656
6161,6.34259414672852,8.54777526855469
6194,6.31522750854492,8.451904296875
6228,6.28973388671875,8.41143798828125
6261,6.27411270141602,8.45536804199219
6294,6.27322387695313,8.56474304199219
6327,6.28694915771484,8.6837158203125
6361,6.31108856201172,8.76951599121094
6394,6.34003829956055,8.80220031738281
6427,6.37007522583008,8.76274108886719
6461,6.40289306640625,8.6448974609375
6494,6.44863510131836,8.48681640625
6527,6.52665710449219,8.36483764648438
6561,6.66130065917969,8.34725952148438
6594,6.86953735351563,8.44441223144531
6627,7.13979339599609,8.60072326660156
6661,7.41935729980469,8.74552917480469
6694,7.63989639282227,8.85223388671875
6727,7.76243591308594,8.94427490234375
6760,7.78912353515625,9.05076599121094
6794,7.74408340454102,9.16287231445313
6827,7.65898132324219,9.23849487304688
6860,7.56813812255859,9.24549865722656
6894,7.50324249267578,9.18757629394531
6927,7.47996139526367,9.09638977050781
6960,7.48247528076172,9.01589965820313
6993,7.47685241699219,8.98614501953125
7027,7.44913864135742,9.01930236816406
7060,7.41676712036133,9.07949829101563
7093,7.40453720092773,9.10069274902344
7127,7.41896820068359,9.03359985351563
7160,7.4318733215332,8.86918640136719
7193,7.38552856445313,8.63462829589844
7227,7.23903656005859,8.38603210449219
7260,7.01373672485352,8.18460083007813
7293,6.78195953369141,8.06167602539063
7327,6.61612701416016,8.01193237304688
7360,6.54612731933594,8.01296997070313
7393,6.55492782592773,8.04090881347656
7426,6.60249710083008,8.07624816894531
7460,6.64692687988281,8.10704040527344
7493,6.65710067749023,8.13150024414063
7526,6.62073516845703,8.1585693359375
7560,6.54316711425781,8.20576477050781
7593,6.43701934814453,8.29350280761719
7626,6.31248474121094,8.43429565429688
7660,6.17630767822266,8.61604309082031
7693,6.04030609130859,8.79322814941406
7726,5.93131256103516,8.91117858886719
7759,5.87956237792969,8.9464111328125
7793,5.88962554931641,8.91693115234375
7826,5.9328727722168,8.86231994628906
7859,5.96506881713867,8.82456970214844
7893,5.9454345703125,8.8345947265625
7926,5.85829544067383,8.8931884765625
7959,5.73166275024414,8.95549011230469
7993,5.61959075927734,8.95278930664063
8026,5.55656814575195,8.84527587890625
8059,5.53886795043945,8.65269470214844
8092,5.5426025390625,8.44235229492188
8126,5.5450439453125,8.28529357910156
8159,5.53526306152344,8.21110534667969
8192,5.51790618896484,8.20175170898438
8226,5.51044082641602,8.21818542480469
8259,5.52598571777344,8.22271728515625
8292,5.54979705810547,8.18623352050781
8326,5.54475402832031,8.08906555175781
8359,5.48321151733398,7.92442321777344
8392,5.35951614379883,7.70968627929688
8425,5.17876434326172,7.49327087402344
8459,4.95392990112305,7.3321533203125
8492,4.71813201904297,7.25517272949219
8525,4.52060699462891,7.25607299804688
8559,4.39507675170898,7.31468200683594
8592,4.34143829345703,7.41378784179688
8625,4.33923721313477,7.54316711425781
8659,4.3666877746582,7.69691467285156
8692,4.40917205810547,7.86293029785156
8725,4.45913314819336,8.009033203125
8759,4.51211929321289,8.0931396484375
8792,4.56404495239258,8.09681701660156
8825,4.61125946044922,8.03724670410156
8858,4.65188598632813,7.94766235351563
8892,4.68661880493164,7.85638427734375
8925,4.71811294555664,7.77937316894531
8958,4.74920654296875,7.72454833984375
8992,4.7808837890625,7.70028686523438
9025,4.81057739257813,7.71951293945313
9058,4.8310661315918,7.79473876953125
9091,4.83221435546875,7.92008972167969
9125,4.80779266357422,8.05380249023438
9158,4.76085662841797,8.13594055175781
9191,4.70119857788086,8.13424682617188
9225,4.64117431640625,8.06361389160156
9258,4.59647750854492,7.96957397460938
9291,4.58779144287109,7.9072265625
9325,4.63750457763672,7.92311096191406
9358,4.75983810424805,8.02999877929688
9391,4.94838714599609,8.18505859375
9425,5.16747283935547,8.30815124511719
9458,5.35831832885742,8.335693359375
9491,5.47023391723633,8.25950622558594
9524,5.49279022216797,8.12957763671875
9558,5.45165634155273,8.02006530761719
9591,5.38172912597656,7.97856140136719
9624,5.31254196166992,8.00761413574219
9658,5.26730346679688,8.08338928222656
9691,5.26339721679688,8.17570495605469
9724,5.31203842163086,8.25839233398438
9758,5.4184684753418,8.31842041015625
9791,5.58101272583008,8.37004089355469
9824,5.78508377075195,8.45841979980469
9858,5.99979019165039,8.62643432617188
9891,6.19371795654297,8.8704833984375
9924,6.35792922973633,9.13685607910156
9957,6.50628280639648,9.358154296875
9991,6.65840911865234,9.49224853515625
10024,6.82699966430664,9.53056335449219
10057,7.01189422607422,9.48316955566406
10091,7.20123291015625,9.37796020507813
10124,7.38153839111328,9.27265930175781
10157,7.54586410522461,9.23689270019531
10190,7.69023132324219,9.30599975585938
10224,7.8057746887207,9.45750427246094
10257,7.87961578369141,9.62896728515625
10290,7.91094970703125,9.76466369628906
10324,7.92810440063477,9.85844421386719
10357,7.97216796875,9.94917297363281
10390,8.05741882324219,10.0717620849609
10423,8.16758728027344,10.2150726318359
10457,8.29344177246094,10.3343811035156
10490,8.45391845703125,10.4070281982422
10523,8.66885375976563,10.4578857421875
10557,8.92029571533203,10.521240234375
10590,9.16455078125,10.6038360595703
10623,9.37860107421875,10.6996154785156
10657,9.56136322021484,10.8147583007813
10690,9.69606781005859,10.9650268554688
10723,9.76065063476563,11.1611938476563
10757,9.78165435791016,11.3930816650391
10790,9.83073425292969,11.6213684082031
10823,9.95553588867188,11.7987060546875
10856,10.1428070068359,11.9046325683594
10890,10.3503494262695,11.9506988525391
10923,10.5427932739258,11.9588317871094
10956,10.6854705810547,11.9453735351563
10990,10.7415237426758,11.9182586669922
11023,10.7013092041016,11.8808135986328
11056,10.5972747802734,11.8374786376953
11090,10.4851760864258,11.7987365722656
11123,10.418701171875,11.7822113037109
11156,10.4339065551758,11.808349609375
11190,10.5443801879883,11.8907623291016
11223,10.7388229370117,12.0237579345703
11256,10.9731903076172,12.1711883544922
11289,11.1724395751953,12.2717590332031
11323,11.2666625976563,12.2824249267578
11356,11.2416152954102,12.2263488769531
11389,11.1478500366211,12.1764678955078
11423,11.056884765625,12.1951446533203
11456,11.0200500488281,12.3069305419922
11489,11.0666732788086,12.5075988769531
11523,11.2053985595703,12.7685241699219
11556,11.4166946411133,13.0373229980469
11589,11.6674041748047,13.2624053955078
11622,11.9292373657227,13.42724609375
11656,12.1797180175781,13.5518493652344
11689,12.3975830078125,13.6672058105469
11722,12.5588073730469,13.7969665527344
11756,12.6492462158203,13.9480285644531
11789,12.6909713745117,14.1018524169922
11822,12.7397537231445,14.2268524169922
11856,12.8504104614258,14.3113708496094
11889,13.0472259521484,14.3755950927734
11922,13.3187713623047,14.4537048339844
11956,13.6386413574219,14.57470703125
11989,13.987922668457,14.7524566650391
12022,14.3450775146484,14.9759063720703
12055,14.6628036499023,15.1982879638672
12089,14.880126953125,15.3507232666016
12122,14.9606170654297,15.3841094970703
12155,14.9157409667969,15.3018646240234
12189,14.805549621582,15.161865234375
12222,14.7114562988281,15.0421752929688
12255,14.6878051757813,14.9898834228516
12288,14.7369079589844,15.0037689208984
12322,14.8215637207031,15.0559234619141
12355,14.8883056640625,15.1151123046875
12388,14.8910446166992,15.1578063964844
12422,14.8207092285156,15.1709136962891
12455,14.7242431640625,15.1502990722656
12488,14.6705322265625,15.0986785888672
12522,14.6822967529297,15.0251159667969
12555,14.7245330810547,14.9449005126953
12588,14.7556381225586,14.8790283203125
12622,14.7599945068359,14.8517761230469
12655,14.7409439086914,14.8838348388672
12688,14.7054595947266,14.9751129150391
12721,14.655891418457,15.08837890625
12755,14.5926666259766,15.1677551269531
12788,14.5244369506836,15.1846313476563
12821,14.4741592407227,15.1564636230469
12855,14.4737854003906,15.1283111572266
12888,14.5510025024414,15.1480865478516
12921,14.7144317626953,15.2465972900391
12955,14.9406661987305,15.4192504882813
12988,15.1754531860352,15.6211547851563
13021,15.3649139404297,15.7960357666016
13055,15.4920883178711,15.9178924560547
13088,15.5766448974609,15.9974212646484
13121,15.6475219726563,16.0570373535156
13154,15.7225189208984,16.1113586425781
13188,15.8021392822266,16.1623687744141
13221,15.8715438842773,16.2014770507813
13254,15.9070281982422,16.2144927978516
13288,15.8863296508789,16.189453125
13321,15.8018493652344,16.1259613037109
13354,15.6705932617188,16.0415954589844
13388,15.532341003418,15.9703979492188
13421,15.4333877563477,15.950439453125
13454,15.3989639282227,15.9995727539063
13487,15.4116363525391,16.0938873291016
13521,15.4283599853516,16.1838836669922
13554,15.4263916015625,16.2394561767578
13587,15.4217758178711,16.2675933837891
13621,15.4474487304688,16.2920379638672
13654,15.5247421264648,16.3299102783203
13687,15.6495132446289,16.3811950683594
13721,15.7933654785156,16.4280700683594
13754,15.9142684936523,16.4408416748047
13787,15.9716339111328,16.3903656005859
13821,15.9491958618164,16.2703094482422
13854,15.8745574951172,16.116943359375
13887,15.8023986816406,15.9920501708984
13920,15.7696151733398,15.9373931884766
13954,15.7770614624023,15.9555816650391
13987,15.8075866699219,16.0267639160156
14020,15.8463897705078,16.126708984375
14054,15.8873443603516,16.2331695556641
14087,15.9278259277344,16.3254699707031
14120,15.9592590332031,16.3832397460938
14153,15.964714050293,16.391357421875
14187,15.9353332519531,16.3575286865234
14220,15.8943710327148,16.3284606933594
14253,15.8878021240234,16.3670959472656
14287,15.9446563720703,16.4963073730469
14320,16.0622940063477,16.6759796142578
14353,16.224739074707,16.8441925048828
14387,16.4133605957031,16.9713439941406
14420,16.5978698730469,17.0705718994141
14453,16.740119934082,17.1736297607422
14487,16.8224258422852,17.3089599609375
14520,16.8631057739258,17.4903411865234
14553,16.9024200439453,17.7064361572266
14586,16.9792327880859,17.9169464111328
14620,17.1106262207031,18.0766296386719
14653,17.2775497436523,18.1715087890625
14686,17.4287948608398,18.2227783203125
14720,17.5158462524414,18.2618560791016
14753,17.5308303833008,18.3098297119141
14786,17.5037155151367,18.3702545166016
14820,17.4693908691406,18.4293518066406
14853,17.4450912475586,18.4611511230469
14886,17.4300155639648,18.4390869140625
14920,17.4164276123047,18.3580322265625
14953,17.3992767333984,18.2537841796875
14986,17.3789749145508,18.1850738525391
15019,17.3606719970703,18.1868743896484
15053,17.3534622192383,18.2506408691406
15086,17.3680572509766,18.3407135009766
15119,17.4114685058594,18.4145965576172
15153,17.4828033447266,18.4376220703125
15186,17.5742874145508,18.4018249511719
15219,17.674919128418,18.3399047851563
15252,17.7729339599609,18.3025512695313
15286,17.8574523925781,18.3097991943359
15319,17.9199676513672,18.3343505859375
15352,17.9560546875,18.3294982910156
15386,17.9675216674805,18.2715301513672
15419,17.9642333984375,18.1892242431641
15452,17.9640655517578,18.1493530273438
15486,17.9902114868164,18.2078247070313
15519,18.0660858154297,18.3810729980469
15552,18.2073593139648,18.6449432373047
15586,18.4078140258789,18.9400177001953
15619,18.6291198730469,19.1960754394531
15652,18.8203048706055,19.3666534423828
15685,18.9530792236328,19.4351196289063
15719,19.0289535522461,19.4002838134766
15752,19.060546875,19.2792663574219
15785,19.058219909668,19.1222076416016
15819,19.0293197631836,18.996337890625
15852,18.9812240600586,18.9435577392578
15885,18.9221572875977,18.9644317626953
15919,18.859260559082,19.037109375
15952,18.7966384887695,19.1370391845703
15985,18.7348861694336,19.2447204589844
16018,18.6722717285156,19.3467254638672
16052,18.6074295043945,19.4342651367188
16085,18.5438385009766,19.501953125
16118,18.4946136474609,19.5467834472656
16152,18.4805450439453,19.5652313232422
16185,18.5145568847656,19.5485992431641
16218,18.5746078491211,19.4818420410156
16252,18.5901336669922,19.3553009033203
16285,18.4875717163086,19.1817321777344
16318,18.2762756347656,18.9883728027344
