Tiempo (ms),Trayectoria 7,Trayectoria 8
0,0,0
33,0.0417022705078125,0.059722900390625
67,0.0837974548339844,0.122772216796875
100,0.125934600830078,0.191162109375
133,0.168102264404297,0.265167236328125
166,0.211185455322266,0.343780517578125
200,0.255630493164063,0.424163818359375
233,0.300876617431641,0.499481201171875
266,0.345420837402344,0.55572509765625
300,0.383857727050781,0.571090698242188
333,0.400642395019531,0.523300170898438
366,0.365657806396484,0.40869140625
400,0.240524291992188,0.25732421875
433,0.0054779052734375,0.105392456054688
466,-0.313564300537109,-0.0514373779296875
500,-0.666400909423828,-0.24560546875
533,-1.01630401611328,-0.488235473632813
566,-1.32476806640625,-0.754898071289063
599,-1.53890609741211,-0.994476318359375
633,-1.62665176391602,-1.1488037109375
666,-1.58852005004883,-1.18447875976563
699,-1.4351806640625,-1.10345458984375
733,-1.19325256347656,-0.939834594726563
766,-0.930831909179688,-0.766159057617188
799,-0.734287261962891,-0.672683715820313
832,-0.646739959716797,-0.706832885742188
866,-0.652385711669922,-0.83660888671875
899,-0.711330413818359,-0.984146118164063
932,-0.787891387939453,-1.08930969238281
966,-0.859046936035156,-1.13583374023438
999,-0.915187835693359,-1.13577270507813
1032,-0.958393096923828,-1.109130859375
1066,-0.998546600341797,-1.0732421875
1099,-1.04553604125977,-1.0384521484375
1132,-1.09992980957031,-1.007568359375
1165,-1.14635467529297,-0.976882934570313
1199,-1.15217590332031,-0.936752319335938
1232,-1.07708740234375,-0.871673583984375
1265,-0.905376434326172,-0.762786865234375
1299,-0.681343078613281,-0.596542358398438
1332,-0.484783172607422,-0.381301879882813
1365,-0.358024597167969,-0.158309936523438
1399,-0.280063629150391,0.0201263427734375
1432,-0.201091766357422,0.129608154296875
1465,-0.079315185546875,0.18115234375
1498,0.0879936218261719,0.197799682617188
1532,0.239631652832031,0.195938110351563
1565,0.287223815917969,0.18255615234375
1598,0.214351654052734,0.16046142578125
1632,0.119388580322266,0.13409423828125
1665,0.121913909912109,0.111724853515625
1698,0.235855102539063,0.103073120117188
1732,0.375530242919922,0.114959716796875
1765,0.464672088623047,0.148605346679688
1798,0.488006591796875,0.200057983398438
1832,0.463428497314453,0.2630615234375
1865,0.411308288574219,0.333160400390625
1898,0.347000122070313,0.410232543945313
1931,0.284065246582031,0.497665405273438
1965,0.235549926757813,0.59844970703125
1998,0.210582733154297,0.70867919921875
2031,0.211368560791016,0.81207275390625
2065,0.233619689941406,0.875259399414063
2098,0.269676208496094,0.8529052734375
2131,0.312168121337891,0.719924926757813
2165,0.356216430664063,0.507232666015625
2198,0.399776458740234,0.295120239257813
2231,0.443286895751953,0.1689453125
2264,0.489326477050781,0.176315307617188
2298,0.540901184082031,0.315170288085938
2331,0.595993041992188,0.542251586914063
2364,0.639007568359375,0.78302001953125
2398,0.636730194091797,0.96173095703125
2431,0.551284790039063,1.04461669921875
2464,0.381916046142578,1.05046081542969
2498,0.209053039550781,1.02764892578125
2531,0.166103363037109,1.03041076660156
2564,0.337265014648438,1.10067749023438
2597,0.69256591796875,1.24801635742188
2631,1.11908721923828,1.43838500976563
2664,1.49079513549805,1.61940002441406
2697,1.72633361816406,1.76631164550781
2731,1.82205963134766,1.89642333984375
2764,1.83639907836914,2.04692077636719
2797,1.84285736083984,2.24755859375
2831,1.90235137939453,2.49819946289063
2864,2.05337142944336,2.75802612304688
2897,2.28823852539063,2.96827697753906
2931,2.52975463867188,3.09402465820313
2964,2.6675910949707,3.13760375976563
2997,2.63932037353516,3.12123107910156
3031,2.47412490844727,3.07063293457031
3064,2.2824821472168,3.00917053222656
3097,2.19604110717773,2.95613098144531
3130,2.27296447753906,2.92584228515625
3164,2.46236801147461,2.92658996582031
3197,2.67936325073242,2.95986938476563
3230,2.89641952514648,3.02140808105469
3264,3.13142013549805,3.10408020019531
3297,3.36715316772461,3.20266723632813
3330,3.54147338867188,3.31855773925781
3363,3.61692047119141,3.46076965332031
3397,3.61354827880859,3.63914489746094
3430,3.57901382446289,3.84730529785156
3463,3.55593109130859,4.04852294921875
3497,3.5671501159668,4.19358825683594
3530,3.60977554321289,4.2576904296875
3563,3.65597152709961,4.24923706054688
3597,3.66040420532227,4.1904296875
3630,3.57611083984375,4.10264587402344
3663,3.38831329345703,4.00439453125
3697,3.14786148071289,3.91481018066406
3730,2.9438362121582,3.85731506347656
3763,2.82920455932617,3.85922241210938
3796,2.79578399658203,3.9427490234375
3830,2.80975723266602,4.10366821289063
3863,2.84587860107422,4.29246520996094
3896,2.90118789672852,4.43388366699219
3930,2.99531173706055,4.47950744628906
3963,3.15589141845703,4.44390869140625
3996,3.38409423828125,4.40043640136719
4030,3.62545394897461,4.4327392578125
4063,3.80170440673828,4.57254028320313
4096,3.88051223754883,4.79513549804688
4130,3.89041900634766,5.05615234375
4163,3.87869644165039,5.29835510253906
4196,3.87759780883789,5.453125
4229,3.89711761474609,5.47444152832031
4263,3.93060302734375,5.36990356445313
4296,3.96402359008789,5.20187377929688
4329,3.98274612426758,5.05221557617188
4363,3.97354125976563,4.965576171875
4396,3.9228630065918,4.91935729980469
4429,3.81399917602539,4.84344482421875
4463,3.62982559204102,4.6788330078125
4496,3.37694549560547,4.43132019042969
4529,3.12005233764648,4.17140197753906
4562,2.96399307250977,3.9881591796875
4596,2.97940444946289,3.94105529785156
4629,3.15191268920898,4.04132080078125
4662,3.39086532592773,4.2548828125
4696,3.59232330322266,4.50941467285156
4729,3.71676254272461,4.72210693359375
4762,3.80366897583008,4.84114074707031
4796,3.92231750488281,4.85710144042969
4829,4.11040496826172,4.78565979003906
4862,4.33292007446289,4.65411376953125
4895,4.50986862182617,4.50386047363281
4929,4.59503173828125,4.39749145507813
4962,4.60469436645508,4.3983154296875
4995,4.58127212524414,4.52024841308594
5029,4.55826568603516,4.70555114746094
5062,4.55099868774414,4.86436462402344
5095,4.55974960327148,4.93170166015625
5129,4.57433700561523,4.88600158691406
5162,4.57841491699219,4.73770141601563
5195,4.55617523193359,4.52738952636719
5228,4.50087738037109,4.32984924316406
5262,4.42018508911133,4.22825622558594
5295,4.33328247070313,4.2666015625
5328,4.2610969543457,4.42539978027344
5362,4.21606063842773,4.63356018066406
5395,4.1978874206543,4.80952453613281
5428,4.19694900512695,4.90852355957031
5462,4.20183563232422,4.93368530273438
5495,4.20724868774414,4.91339111328125
5528,4.21993637084961,4.88005065917969
5562,4.25917053222656,4.86013793945313
5595,4.34858703613281,4.86968994140625
5628,4.49814987182617,4.91267395019531
5662,4.67605590820313,4.98213195800781
5695,4.79685974121094,5.06417846679688
5728,4.78158950805664,5.14352416992188
5761,4.64804458618164,5.20912170410156
5795,4.49495697021484,5.2591552734375
5828,4.39952087402344,5.30375671386719
5861,4.37395858764648,5.36373901367188
5895,4.39718246459961,5.46389770507813
5928,4.44796752929688,5.62043762207031
5961,4.51451110839844,5.82203674316406
5995,4.58781814575195,6.01806640625
6028,4.64963150024414,6.14137268066406
6061,4.66640090942383,6.15106201171875
6094,4.59818649291992,6.04684448242188
6128,4.43173980712891,5.85499572753906
6161,4.21630096435547,5.62252807617188
6194,4.03892135620117,5.41667175292969
6228,3.9514045715332,5.29646301269531
6261,3.94493865966797,5.26763916015625
6294,3.98406982421875,5.281982421875
6327,4.03659820556641,5.29368591308594
6361,4.07991790771484,5.29728698730469
6394,4.09806060791016,5.30461120605469
6427,4.08071899414063,5.31538391113281
6461,4.02759170532227,5.32009887695313
6494,3.95270538330078,5.3115234375
6527,3.88441467285156,5.28872680664063
6561,3.86096954345703,5.25607299804688
6594,3.91756057739258,5.21990966796875
6627,4.05242538452148,5.18458557128906
6661,4.19234466552734,5.1488037109375
6694,4.22656631469727,5.103515625
6727,4.10688018798828,5.03262329101563
6760,3.89712142944336,4.91763305664063
6794,3.70711898803711,4.74752807617188
6827,3.59583282470703,4.53433227539063
6860,3.55110549926758,4.32203674316406
6894,3.53351211547852,4.16497802734375
6927,3.51333999633789,4.09088134765625
6960,3.48029708862305,4.09519958496094
6993,3.43862915039063,4.16389465332031
7027,3.39849090576172,4.28860473632813
7060,3.37025833129883,4.461669921875
7093,3.36239624023438,4.65696716308594
7127,3.37899398803711,4.816162109375
7160,3.41608047485352,4.87347412109375
7193,3.46169662475586,4.80975341796875
7227,3.50129699707031,4.67544555664063
7260,3.52428817749023,4.55119323730469
7293,3.52831649780273,4.48876953125
7327,3.51900100708008,4.48982238769531
7360,3.50478363037109,4.5213623046875
7393,3.490966796875,4.53549194335938
7426,3.47653961181641,4.48699951171875
7460,3.45491409301758,4.35821533203125
7493,3.41826629638672,4.18023681640625
7526,3.36287307739258,4.01708984375
7560,3.29247665405273,3.92071533203125
7593,3.21908950805664,3.91156005859375
7626,3.16222763061523,3.99188232421875
7660,3.1484375,4.15460205078125
7693,3.20854949951172,4.37379455566406
7726,3.36477279663086,4.59712219238281
7759,3.59972763061523,4.77012634277344
7793,3.8306770324707,4.87667846679688
7826,3.94475173950195,4.94557189941406
7859,3.87896728515625,5.0191650390625
7893,3.66250228881836,5.11393737792969
7926,3.39874267578125,5.19696044921875
7959,3.2009391784668,5.20828247070313
7993,3.11997985839844,5.11886596679688
8026,3.13518142700195,4.95640563964844
8059,3.19961547851563,4.76797485351563
8092,3.27567291259766,4.57205200195313
8126,3.34425354003906,4.36434936523438
8159,3.40023422241211,4.15896606445313
8192,3.44332504272461,3.99325561523438
8226,3.47125244140625,3.89323425292969
8259,3.47698974609375,3.85787963867188
8292,3.44686889648438,3.87144470214844
8326,3.35892486572266,3.91041564941406
8359,3.18952560424805,3.93399047851563
8392,2.93973541259766,3.88275146484375
8425,2.66168594360352,3.71498107910156
8459,2.43163299560547,3.44993591308594
8492,2.2877082824707,3.16319274902344
8525,2.21665191650391,2.9398193359375
8559,2.19042587280273,2.83047485351563
8592,2.19393539428711,2.84487915039063
8625,2.23184967041016,2.97250366210938
8659,2.32598114013672,3.1917724609375
8692,2.50100326538086,3.46589660644531
8725,2.75101089477539,3.75509643554688
8759,3.00958633422852,4.03245544433594
8792,3.17778396606445,4.27110290527344
8825,3.19231796264648,4.43788146972656
8858,3.05081558227539,4.51785278320313
8892,2.80047225952148,4.52383422851563
8925,2.53205490112305,4.47563171386719
8958,2.34117126464844,4.38163757324219
8992,2.26371002197266,4.23690795898438
9025,2.26818084716797,4.03460693359375
9058,2.3032112121582,3.78628540039063
9091,2.33269500732422,3.53434753417969
9125,2.34015274047852,3.33079528808594
9158,2.32100296020508,3.19844055175781
9191,2.2768669128418,3.12406921386719
9225,2.21340179443359,3.08363342285156
9258,2.13849639892578,3.06440734863281
9291,2.0616569519043,3.07176208496094
9325,1.9952392578125,3.12472534179688
9358,1.95551681518555,3.2421875
9391,1.96279144287109,3.42156982421875
9425,2.03967666625977,3.6251220703125
9458,2.20218658447266,3.80021667480469
9491,2.43473052978516,3.91790771484375
9524,2.6700439453125,3.98268127441406
9558,2.82758712768555,4.01341247558594
9591,2.88779830932617,4.027587890625
9624,2.90826416015625,4.03703308105469
9658,2.97271347045898,4.04891967773438
9691,3.12607574462891,4.06748962402344
9724,3.33286666870117,4.094970703125
9758,3.50764846801758,4.13243103027344
9791,3.59587860107422,4.18121337890625
9824,3.60391235351563,4.24334716796875
9858,3.56575012207031,4.31956481933594
9891,3.51162338256836,4.40476989746094
9924,3.45964050292969,4.48344421386719
9957,3.41769790649414,4.52986145019531
9991,3.38724517822266,4.51763916015625
10024,3.36606979370117,4.44142150878906
10057,3.34958267211914,4.33540344238281
10091,3.32880783081055,4.25498962402344
10124,3.28565979003906,4.23208618164063
10157,3.19190216064453,4.25900268554688
10190,3.01967620849609,4.30819702148438
10224,2.77008438110352,4.35249328613281
10257,2.49862670898438,4.37260437011719
10290,2.28422164916992,4.35870361328125
10324,2.1617431640625,4.30926513671875
10357,2.10770416259766,4.22932434082031
10390,2.08113861083984,4.12863159179688
10423,2.05661773681641,4.02061462402344
10457,2.03343963623047,3.92210388183594
10490,2.03353500366211,3.85218811035156
10523,2.0916748046875,3.82899475097656
10557,2.23694610595703,3.8651123046875
10590,2.46295928955078,3.96432495117188
10623,2.70750427246094,4.11990356445313
10657,2.88908767700195,4.31111145019531
10690,2.97668075561523,4.50675964355469
10723,3.007080078125,4.68466186523438
10757,3.04772186279297,4.8380126953125
10790,3.15752029418945,4.96141052246094
10823,3.35123443603516,5.0528564453125
10856,3.57875823974609,5.12184143066406
10890,3.76667785644531,5.18104553222656
10923,3.8929557800293,5.23701477050781
10956,3.99543380737305,5.2896728515625
10990,4.10144805908203,5.33596801757813
11023,4.17009735107422,5.37551879882813
11056,4.14112091064453,5.41558837890625
11090,4.04375839233398,5.47271728515625
11123,3.99581146240234,5.56906127929688
11156,4.08078002929688,5.72154235839844
11190,4.26900482177734,5.92251586914063
11223,4.46591949462891,6.12640380859375
11256,4.60667037963867,6.26991271972656
11289,4.68507766723633,6.312255859375
11323,4.71990585327148,6.2503662109375
11356,4.72760772705078,6.10943603515625
11389,4.71927261352539,5.94029235839844
11423,4.70532989501953,5.81573486328125
11456,4.69674301147461,5.7921142578125
11489,4.69911956787109,5.86074829101563
11523,4.70366668701172,5.96194458007813
11556,4.6820068359375,6.04597473144531
11589,4.59431076049805,6.10009765625
11622,4.42324447631836,6.13230895996094
11656,4.21268844604492,6.15274047851563
11689,4.04530334472656,6.16633605957031
11722,3.96927642822266,6.17254638671875
11756,3.9721565246582,6.16818237304688
11789,4.01584625244141,6.15121459960938
11822,4.0694465637207,6.12387084960938
11856,4.11877822875977,6.09388732910156
11889,4.16583251953125,6.07563781738281
11922,4.22721481323242,6.09053039550781
11956,4.33221817016602,6.16377258300781
11989,4.51321029663086,6.31376647949219
12022,4.77726364135742,6.53349304199219
12055,5.07759094238281,6.77888488769531
12089,5.33884048461914,6.99125671386719
12122,5.5185432434082,7.1385498046875
12155,5.6173095703125,7.2264404296875
12189,5.63923263549805,7.27787780761719
12222,5.57245254516602,7.31393432617188
12255,5.41667556762695,7.34564208984375
12288,5.22317123413086,7.37150573730469
12322,5.07534027099609,7.37864685058594
12355,5.01792907714844,7.34718322753906
12388,5.03256225585938,7.25712585449219
12422,5.07339096069336,7.09832763671875
12455,5.09856796264648,6.88502502441406
12488,5.07667541503906,6.66412353515625
12522,4.98246383666992,6.49148559570313
12555,4.79781723022461,6.39134216308594
12588,4.53327941894531,6.34716796875
12622,4.25080871582031,6.32493591308594
12655,4.03251266479492,6.295166015625
12688,3.91372680664063,6.24195861816406
12721,3.86923980712891,6.16389465332031
12755,3.85516357421875,6.07170104980469
12788,3.84173202514648,5.98670959472656
12821,3.81905746459961,5.93951416015625
12855,3.79080581665039,5.96337890625
12888,3.76654434204102,6.07362365722656
12921,3.7573127746582,6.24430847167969
12955,3.77434921264648,6.41917419433594
12988,3.82996368408203,6.55239868164063
13021,3.93774032592773,6.62538146972656
13055,4.10376358032227,6.63088989257813
13088,4.29955291748047,6.56170654296875
13121,4.44356536865234,6.42303466796875
13154,4.45709228515625,6.25102233886719
13188,4.3564338684082,6.09881591796875
13221,4.23731231689453,5.99455261230469
13254,4.16862487792969,5.92501831054688
13288,4.14923095703125,5.85562133789063
13321,4.14580917358398,5.75405883789063
13354,4.13069534301758,5.60414123535156
13388,4.09287261962891,5.41839599609375
13421,4.03530120849609,5.247802734375
13454,3.96804428100586,5.16201782226563
13487,3.90107727050781,5.20193481445313
13521,3.84115219116211,5.35073852539063
13554,3.79440689086914,5.54389953613281
13587,3.76876449584961,5.70997619628906
13621,3.77123260498047,5.81430053710938
13654,3.80282211303711,5.86405944824219
13687,3.85715484619141,5.88214111328125
13721,3.92411804199219,5.88703918457031
13754,3.99395370483398,5.88786315917969
13787,4.05874252319336,5.88592529296875
13821,4.11287307739258,5.87857055664063
13854,4.15430068969727,5.86335754394531
13887,4.18525314331055,5.84063720703125
13920,4.21031951904297,5.81367492675781
13954,4.233642578125,5.78707885742188
13987,4.25794982910156,5.76560974121094
14020,4.28482437133789,5.7540283203125
14054,4.31452178955078,5.75686645507813
14087,4.34610748291016,5.77723693847656
14120,4.37954711914063,5.81568908691406
14153,4.41957855224609,5.87118530273438
14187,4.47885131835938,5.94520568847656
14220,4.57772827148438,6.04547119140625
14253,4.73747253417969,6.18515014648438
14287,4.95705795288086,6.37460327148438
14320,5.18903350830078,6.60380554199219
14353,5.36759185791016,6.83097839355469
14387,5.47443771362305,7.00485229492188
14420,5.55472564697266,7.10554504394531
14453,5.67097854614258,7.15423583984375
14487,5.84587097167969,7.19122314453125
14520,6.0334587097168,7.25643920898438
14553,6.15988922119141,7.37872314453125
14586,6.20103073120117,7.56253051757813
14620,6.20075988769531,7.78045654296875
14653,6.22762298583984,7.99623107910156
14686,6.33379745483398,8.20234680175781
14720,6.52699279785156,8.42155456542969
14753,6.7583122253418,8.67063903808594
14786,6.96405792236328,8.93359375
14820,7.13288116455078,9.1787109375
14853,7.3090705871582,9.39657592773438
14886,7.5272102355957,9.60411071777344
14920,7.75893783569336,9.81069946289063
14953,7.93734741210938,9.99258422851563
14986,8.02636337280273,10.1104888916016
15019,8.0418701171875,10.1491546630859
15053,8.01955032348633,10.1265869140625
15086,7.98852920532227,10.0720062255859
15119,7.96532440185547,10.0076446533203
15153,7.95514297485352,9.94503784179688
15186,7.95526123046875,9.88827514648438
15219,7.95952987670898,9.83834838867188
15252,7.96227645874023,9.79670715332031
15286,7.96038436889648,9.76795959472656
15319,7.95395660400391,9.76229858398438
15352,7.94515991210938,9.79658508300781
15386,7.93539428710938,9.88957214355469
15419,7.92472076416016,10.0453643798828
15452,7.91666793823242,10.2375030517578
15486,7.92585372924805,10.4271240234375
15519,7.98153305053711,10.6036987304688
15552,8.11822128295898,10.7902526855469
15586,8.34369277954102,11.0036010742188
15619,8.60689544677734,11.2212677001953
15652,8.82422256469727,11.3965454101563
15685,8.94868850708008,11.5012969970703
15719,8.99227523803711,11.5411529541016
15752,8.99208068847656,11.538818359375
15785,8.97839736938477,11.5176239013672
15819,8.96563720703125,11.4961395263672
15852,8.95708465576172,11.4872436523438
15885,8.95310974121094,11.4977569580078
15919,8.95551300048828,11.5278625488281
15952,8.96652221679688,11.5704193115234
15985,8.98480987548828,11.6101226806641
16018,9.00382614135742,11.6231842041016
16052,9.01676940917969,11.581298828125
16085,9.02556228637695,11.4644470214844
16118,9.04731750488281,11.2866516113281
16152,9.1130256652832,11.1177825927734
16185,9.25361633300781,11.061767578125
16218,9.46822357177734,11.1945190429688
16252,9.70149612426758,11.5270233154297
16285,9.88394165039063,12.0196533203125
16318,10.0062828063965,12.6028289794922
