seconds_elapsed,z
0.0,-9.81
0.01,-0.6716716121577005
0.02,18.334578661280148
0.03,4.26774904047715
0.04,-14.672878323167787
0.05,-5.58233385876036
0.06,10.922576212449608
0.07,5.668626154366309
0.08,-7.8915680102719765
0.09,-4.989484806756266
0.1,4.94084405706848
0.11,4.799294891227193
0.12,-1.0300516507947381
0.13,-5.845939239364933
0.14,-0.17731016770245783
0.15,4.678214074922
0.16,0.8223307871339964
0.17,-4.368687680878897
0.18,-1.2670596882274423
0.19,3.808726064348166
0.2,1.919202028787871
0.21,-1.6425510346197563
0.22,-1.9343940563164228
0.23,0.37144944054242385
0.24,1.5996854155715667
0.25,-0.06063991373291859
0.26,-1.678339024867455
0.27,-0.6874999701470568
0.28,2.308909168967695
0.29,1.141297722806483
0.3,-2.08713261192102
0.31,-0.5183754561484086
0.32,-0.1262494861535181
0.33,0.3633667245457908
0.34,0.15660533197554882
0.35000000000000003,-0.579676689740339
0.36,-0.7669838655521205
0.37,1.4775892570798008
0.38,1.0142308167961407
0.39,-1.2632062048438928
0.4,-0.35356471843919957
0.41000000000000003,-0.6980258032844749
0.42,0.15599694176376
0.43,0.5766375853032928
0.44,-0.6541328258527516
0.45,-0.6974844033051143
0.46,1.388060149786278
0.47000000000000003,0.7873861597544305
0.48,0.3972358998258377
0.49,-0.8688647361706858
0.5,-0.8945047266997291
0.51,0.5629804811152748
0.52,0.7459125089369673
0.53,-1.3019896867281682
0.54,-0.04665192920603951
0.55,1.4855073196476059
0.56,-0.10870326060904686
0.5700000000000001,0.06992719626791105
0.58,-1.5264177980678884
0.59,-0.33716008810197284
0.6,1.1687313739219782
0.61,-0.17307605649576197
0.62,-1.0486369541778253
0.63,0.939649605182541
0.64,0.8981722290934021
0.65,1.0135634547077734
0.66,-1.3758363637113606
0.67,-1.221242499347357
0.68,0.9247769269821332
0.6900000000000001,0.8502861808829335
0.7000000000000001,-1.172933008277898
0.71,0.34825655123453164
0.72,0.9922068453870748
0.73,1.368787003231147
0.74,-0.9930099205321861
0.75,-1.6362471807122905
0.76,0.5564486161201732
0.77,1.1611514007374228
0.78,-0.9061041377410008
0.79,0.19639536437828756
0.8,0.7445926933142251
0.81,1.4719686726379435
0.8200000000000001,-0.9009111255426556
0.8300000000000001,-1.629430412365658
0.84,0.4829121036176896
0.85,0.959637233107516
0.86,-0.5694029372981297
0.87,0.378620822831536
0.88,0.3582274110975135
0.89,1.2471832597650405
0.9,-1.1978380668466393
0.91,-1.2805053167862288
0.92,0.7593350279954801
0.93,0.0672248219684942
0.9400000000000001,-0.14237375510284495
0.9500000000000001,0.5851894982789235
0.96,-0.3873548607243028
0.97,0.36141693916868306
0.98,-1.552531927481639
0.99,-0.5314997278337557
1.0,1.0464022400594615
1.01,-0.33978697195940727
1.02,0.3688891322846308
1.03,0.4187789567776116
1.04,1.2715429573739918
1.05,-0.9001759154242672
1.06,-1.341940182998051
1.07,0.5160011790168345
1.08,0.08086446466673178
1.09,0.10637286950379932
1.1,0.5886906959408629
1.11,0.17633125700792054
1.12,-0.07786415758223472
1.1300000000000001,-1.5693324184260278
1.1400000000000001,-0.16846189582038615
1.1500000000000001,0.7766406955433572
1.16,0.002122329467910063
1.17,0.5852022788868024
1.18,-0.28948535250383967
1.19,0.38735442541007714
1.2,-1.3028946980637504
1.21,-0.5491876415182574
1.22,0.7512813809001477
1.23,-0.032231852139785015
1.24,0.6751615659830058
1.25,-0.13110534267069415
1.26,0.135228268195008
1.27,-0.5776616821359926
1.28,-0.32826899114395613
1.29,0.21032926886066158
1.3,-0.17792144853158395
1.31,0.9479839951351622
1.32,-0.32484240065953973
1.33,-0.4266750438540781
1.34,0.30113411752433794
1.35,0.3209654317321335
1.36,-0.39934222483002857
1.37,-0.37988798794468126
1.3800000000000001,1.0247660202356588
1.3900000000000001,-1.181522255110706
1.4000000000000001,-0.10397808930208191
1.41,0.715376999487482
1.42,0.2863410823722496
1.43,-1.136300801313441
1.44,0.08258323680040323
1.45,0.9394308721056865
1.46,0.10733645504724448
1.47,0.8093730287144574
1.48,-1.171656858052433
1.49,-1.668030672954048
1.5,-1.266560382734631
1.51,2.4312735689682046
1.52,1.113141116155802
1.53,2.4950043714323287
1.54,-2.3939427254793313
1.55,-3.551362090947302
1.56,0.2717841693079444
1.57,3.529022755502473
1.58,1.070948961949142
1.59,-0.28162845507287315
1.6,0.05780136096803795
1.61,-3.1749934266920325
1.62,-0.8878529676775064
1.6300000000000001,0.6138428540461672
1.6400000000000001,1.2504986319662719
1.6500000000000001,0.240201207349466
1.6600000000000001,2.8492792211848195
1.67,-2.4506613758205003
1.68,-2.9578268713078013
1.69,1.3374375419855102
1.7,0.19319430301132984
1.71,1.6878072785906926
1.72,1.196927268972592
1.73,-1.4132403088724301
1.74,-3.5695262108258596
1.75,0.7094580609159455
1.76,0.43868319704049674
1.77,1.2915238280210053
1.78,0.7449502767744636
1.79,-0.2890100542330316
1.8,-2.2408792414998078
1.81,0.045561080082182424
1.82,1.1444911852595827
1.83,0.07061690904685142
1.84,0.5834644205431472
1.85,1.5217387726920657
1.86,-1.2026639340729917
1.87,-1.4780743570907406
1.8800000000000001,0.4431383389592987
1.8900000000000001,0.7659827864956453
1.9000000000000001,1.297160159280239
1.9100000000000001,1.0200217738238784
1.92,-1.437927490903834
1.93,-1.3763898320828853
1.94,0.7607340536098356
1.95,0.6476168247072668
1.96,0.9261913744208887
1.97,1.247409109418535
1.98,-0.920323698533105
1.99,-1.4359324712153108
2.0,0.3610303974207897
2.0100000000000002,0.5693372173665898
2.02,1.2334004042274427
2.0300000000000002,1.4176884563040797
2.04,-1.1617326054387989
2.05,-1.5972192541313937
2.06,0.48608091651049357
2.07,0.8165212830226494
2.08,1.1904102909133265
2.09,1.0305012601409267
2.1,-1.3666660039926564
2.11,-1.3863101517931016
2.12,0.49464466644797395
2.13,0.968727136431138
2.14,1.059052730784103
2.15,0.9926712461863375
2.16,-1.6400840135861978
2.17,-1.159817077207214
2.18,0.1523088960285729
2.19,1.2854502829497543
2.2,0.7924253640160752
2.21,0.41079797401359375
2.22,-1.963287333216165
2.23,-0.6640635466146503
2.24,0.11075659816017171
2.25,1.5270149153878179
2.2600000000000002,0.010075871192898319
2.27,-0.5056949239787948
2.2800000000000002,-2.0133277628364965
2.29,0.028173095076414974
2.3000000000000003,0.6878734310927789
2.31,1.523379938389943
2.32,1.3948006737287058
2.33,-1.5049244893664555
2.34,-1.616511293166918
2.35,0.3021995715508604
2.36,1.402576559984273
2.37,1.032102755733168
2.38,0.364228643735962
2.39,-2.17549599897182
2.4,-0.6618468840215316
2.41,0.2820534939456276
2.42,1.7667284595767159
2.43,0.3819171482887903
2.44,-1.2251677516414095
2.45,-1.9884599205304851
2.46,0.3109917845261369
2.47,1.4159088486884552
2.48,1.2965884320348584
2.49,0.4847732190944342
2.5,-2.2943223172432927
2.5100000000000002,-0.7829318627562891
2.52,0.3935559107727992
2.5300000000000002,1.9106146621702809
2.54,1.482219317250723
2.5500000000000003,-1.5400998533325918
2.56,-1.963696606562593
2.57,0.15410404924508816
2.58,1.7656147085813292
2.59,1.0065374317494857
2.6,-0.20359392953754718
2.61,-2.5105876187710607
2.62,-0.30117658898183886
2.63,1.1191922223401927
2.64,1.8958677353824107
2.65,1.1069703248901226
2.66,-2.3702982481250903
2.67,-1.3482027843405628
2.68,0.2542015060007229
2.69,2.2064643149348075
2.7,1.6181550369558035
2.71,-1.7431570712163367
2.72,-2.1823297339684458
2.73,-0.023444199068087333
2.74,2.153134914531141
2.75,0.7272124998038797
2.7600000000000002,-0.9028449750476805
2.77,-2.693878457990472
2.7800000000000002,-0.022226618874751976
2.79,1.8922585048499345
2.8000000000000003,1.6151976820142393
2.81,-0.07025570276784919
2.82,-2.9281522415480885
2.83,-0.5036273655889144
2.84,1.5562662653081472
2.85,2.135311899104664
2.86,0.6244073458197027
2.87,-2.9848863309598097
2.88,-1.0237287231630277
2.89,1.242102795716461
2.9,2.453988908611721
2.91,1.128415855756308
2.92,-2.9696802984086426
2.93,-1.4383665376566896
2.94,1.0117880987380448
2.95,2.6659071124476608
2.96,1.4469450363032965
2.97,-2.974495177058333
2.98,-1.7198461103227591
2.99,0.9117490911595312
3.0,2.8275084662121537
3.0100000000000002,1.5925649043014125
3.02,-3.060960140393955
3.0300000000000002,-1.8585715623305037
3.04,0.9785674186353716
3.0500000000000003,2.956154546509705
3.06,1.553338861813676
3.0700000000000003,-3.2492599370015496
3.08,-1.8407812673632464
3.09,1.2307818499282754
3.1,3.0351327201745
3.11,1.2780660158963435
3.12,-3.5219817639855733
3.13,-1.6516905736725276
3.14,1.6688108915596178
3.15,3.01143213544971
3.16,0.705347073552857
3.17,-3.821845981083883
3.18,-1.2999185303678804
3.19,2.2708153172093355
3.2,2.766532164261011
3.21,-0.1884804316216801
3.22,-4.045321645848074
3.23,-0.9375076898159679
3.24,2.9665458925698083
3.25,2.06299729962517
3.2600000000000002,-1.371411142968224
3.27,-4.043066695542407
3.2800000000000002,-0.6524005979912864
3.29,3.6182666561148134
3.3000000000000003,3.742602146054919
3.31,-2.7173255813516457
3.3200000000000003,-3.6448702727984563
3.33,0.2497651121986654
3.34,4.010102021233691
3.35,2.5012170724912526
3.36,-3.97394426682789
3.37,-2.738697662351951
3.38,1.9037754039693122
3.39,3.816402212437695
3.4,0.5111179927990748
3.41,-4.7667465165522245
3.42,-1.7100428722495893
3.43,3.483514216131952
3.44,2.5263428531520313
3.45,-1.9520250135740675
3.46,-4.685188881923591
3.47,-0.5820148878555258
3.48,4.514607145204586
3.49,3.388061243772478
3.5,-4.203769668889548
3.5100000000000002,-3.502843717807138
3.52,2.0460116704013167
3.5300000000000002,4.316516037372361
3.54,0.3391859893819097
3.5500000000000003,-5.410774034811267
3.56,-2.137016827548722
3.5700000000000003,4.27258177153047
3.58,5.397604644804155
3.59,-3.1489620306601003
3.6,-4.8811820421231635
3.61,0.7392200321191724
3.62,5.096099384010812
3.63,1.9608099995571064
3.64,-5.5805848400709115
3.65,-3.1620294465388303
3.66,3.976501870404584
3.67,6.425085611838002
3.68,-2.516133073739471
3.69,-5.655605535540449
3.7,0.11713297564105345
3.71,5.489343390445822
3.72,2.5962050182949574
3.73,-5.836472824570359
3.74,-3.830490079971056
3.75,4.1372687596700946
3.7600000000000002,6.765404359177278
3.77,-2.7721429219434865
3.7800000000000002,-6.023876102475714
3.79,0.44791691857104815
3.8000000000000003,5.713978440370883
3.81,2.0623737369222335
3.8200000000000003,-6.411585403254946
3.83,-3.795189990240913
3.84,4.887087632606382
3.85,6.3811798984398775
3.86,-4.022023579925793
3.87,-5.963578471684305
3.88,1.8278258134693879
3.89,5.436197606776676
3.9,0.16349857584012273
3.91,-7.008121997739381
3.92,-2.127650564189966
3.93,5.845857784839151
3.94,4.576532583824718
3.95,-5.887154752917185
3.96,-5.49504267738036
3.97,3.989638968152102
3.98,7.7307876967884805
3.99,-2.954269519640107
4.0,-6.914572135612065
4.01,0.9053714146258803
4.0200000000000005,7.601766622465963
4.03,0.8331697292147632
4.04,-7.251926726076577
4.05,-2.4699812787938664
4.0600000000000005,5.710063939736495
4.07,4.462828999397362
4.08,-6.150311225203463
4.09,-5.397061170027633
4.1,4.333462407826984
4.11,7.180529705840699
4.12,-3.926189727308507
4.13,-7.123171193744058
4.14,2.0648727092631955
4.15,8.572611455192574
4.16,-1.1739174981971838
4.17,-7.435816845025576
4.18,-0.4138025219640249
4.19,8.785891705318063
4.2,1.549840295641296
4.21,-7.00230284968171
4.22,-2.6740027477156767
4.23,5.274665299061115
4.24,3.8516203938932074
4.25,-6.03393374523088
4.26,-4.466280165159152
4.2700000000000005,4.026901533254309
4.28,5.535973076017613
4.29,-4.704939519379342
4.3,-5.701258998100327
4.3100000000000005,2.972407124629124
4.32,6.578236651172699
4.33,-3.2754455289044717
4.34,-6.411213316995761
4.3500000000000005,1.8036882550110804
4.36,7.0676053433337165
4.37,-1.955588061597346
4.38,-6.721798784711752
4.39,0.7526530032867407
4.4,7.147399847709483
4.41,-0.8742968177525176
4.42,-6.750949934033814
4.43,-0.06807673610328807
4.44,6.96821552801284
4.45,-0.0876517322429716
4.46,-6.556425384416794
4.47,-0.6259224369801778
4.48,6.656825170727277
4.49,0.4006298475566372
4.5,-6.262483468045681
4.51,-0.9315375818522255
4.5200000000000005,6.300779974510517
4.53,0.6169545997091193
4.54,-5.96146841100762
4.55,-1.0169220630049147
4.5600000000000005,5.948687838335088
4.57,0.60051744072612
4.58,-5.642581425118039
4.59,-0.9223283027322516
4.6000000000000005,5.610332697577468
4.61,0.39200342459758286
4.62,-5.266307769616407
4.63,-0.6919941875392756
4.64,5.272286692047384
4.65,0.028956781586827594
4.66,-4.8939169046662
4.67,-0.3818427989063648
4.68,4.902009526976888
4.69,-0.4548728328353577
4.7,-4.504470384926142
4.71,-0.08253776859795678
4.72,4.460101107200786
4.73,-1.0288649787479975
4.74,-4.034004409211953
4.75,0.16894625064016308
4.76,3.9056715165533182
4.7700000000000005,-1.672587891547225
4.78,-3.455084144727594
4.79,3.514402586250948
4.8,3.208818320698126
4.8100000000000005,-2.445440345723732
4.82,-2.7539302624554667
4.83,3.5224207429162533
4.84,2.356898398784684
4.8500000000000005,-3.572921542305421
4.86,-1.9412493264012436
4.87,4.0486731660813735
4.88,1.3637673861505468
4.89,-4.234418109007017
4.9,-1.0783952592064345
4.91,4.013588565820848
4.92,0.2734834988930613
4.93,-3.787887258897212
4.94,-0.414817399273592
4.95,3.5981771027336684
4.96,-0.8557311185171762
4.97,-3.1496922286370674
4.98,2.6771716917695674
4.99,2.8049281761405562
5.0,-2.146597875044385
5.01,-2.233270210431268
5.0200000000000005,3.4162592045547973
5.03,1.6890481121796252
5.04,-3.7657369200800717
5.05,-1.1669355728631148
5.0600000000000005,3.633994449524823
5.07,0.37006723513707257
5.08,-3.4945234772467857
5.09,-0.4308019505492947
5.1000000000000005,3.178278877843356
5.11,-1.0239580913604023
5.12,-2.6594030243305116
5.13,2.5437535409119847
5.14,2.153190436068314
5.15,-2.9984833674782614
5.16,-1.475987202947547
5.17,3.4433795458563035
5.18,0.7387924865785326
5.19,-3.499202127284579
5.2,-0.48201773710503065
5.21,3.113678677290167
5.22,-0.8310827947040714
5.23,-2.6038441751530446
5.24,2.3804378213049278
5.25,2.0148645822435545
5.26,-3.021170482480179
5.2700000000000005,-1.2574767501398607
5.28,3.3368997087931285
5.29,0.4338480512770795
5.3,-3.2873002126827253
5.3100000000000005,-0.44257088295316843
5.32,2.7629818275000217
5.33,-1.3878035992250044
5.34,-2.0850380539936952
5.3500000000000005,3.068860017881906
5.36,1.3442374825257992
5.37,-3.6738085594618073
5.38,-0.6450483908241307
5.39,3.088996204938779
5.4,-0.4752645373453435
5.41,-2.6432001561015994
5.42,2.274885291486435
5.43,1.9156868878625357
5.44,-3.1266515278027924
5.45,-1.0442971522827689
5.46,3.1606685398977516
5.47,0.07536779842687984
5.48,-2.9360564808538423
5.49,2.724764498322329
5.5,2.204051548424076
5.51,-2.61529549631918
5.5200000000000005,-1.3108953953514029
5.53,3.123222959728811
5.54,0.35138856998771245
5.55,-3.0260948332312356
5.5600000000000005,1.3697662582442942
5.57,2.2744299908703587
5.58,-2.397930743496094
5.59,-1.3688801562280397
5.6000000000000005,3.0605496017917373
5.61,0.37453076208379327
5.62,-2.963899414489216
5.63,2.207300860988144
5.64,2.1661427568139837
5.65,-2.577206693669245
5.66,-1.2212205967927847
5.67,2.9857450888465595
5.68,0.1606597562770975
5.69,-2.7553193701854095
5.7,2.5425290091105155
5.71,1.8806321186202946
5.72,-3.1708412675538
5.73,-0.9134429495451116
5.74,2.8471051769719544
5.75,-0.2911308527763295
5.76,-2.3645529179742963
5.7700000000000005,2.601511629877648
5.78,1.3932874598439868
5.79,-3.2479089812601716
5.8,-0.6768028955444436
5.8100000000000005,2.548763637384612
5.82,-1.1230289192922862
5.83,-1.7524727523032009
5.84,2.80954917643096
5.8500000000000005,0.6796056977948238
5.86,-2.866937891115123
5.87,2.3283732861371362
5.88,1.9876828338397308
5.89,-2.7388428064817
5.9,-0.9865293590298349
5.91,2.7018718675897353
5.92,-0.29207380500461305
5.93,-2.165782465932332
5.94,2.5973608879469166
5.95,1.101582544225999
5.96,-2.9685348578908624
5.97,-0.6593069744690082
5.98,2.148671475826002
5.99,-2.2517261983425536
